2015-08-20 02:11 PM,661
2015-08-20 03:11 PM,873
2015-08-20 04:11 PM,931
2015-08-20 05:11 PM,700
2015-08-20 06:11 PM,590
2015-08-20 07:11 PM,452
2015-08-20 08:11 PM,299
2015-08-20 09:11 PM,337
2015-08-20 10:11 PM,382
2015-08-20 11:11 PM,358
2015-08-21 12:11 AM,294
2015-08-21 01:11 AM,225
2015-08-21 02:11 AM,138
2015-08-21 03:11 AM,92
2015-08-21 04:11 AM,55
2015-08-21 05:11 AM,39
2015-08-21 06:11 AM,36
2015-08-21 07:11 AM,28
2015-08-21 08:11 AM,171
2015-08-21 09:11 AM,347
2015-08-21 10:11 AM,611
2015-08-21 11:11 AM,760
2015-08-21 12:11 PM,744
2015-08-21 01:11 PM,506
2015-08-21 02:11 PM,589
2015-08-21 03:11 PM,795
2015-08-21 04:11 PM,845
2015-08-21 05:11 PM,747
2015-08-21 06:11 PM,574
2015-08-21 07:11 PM,379
2015-08-21 08:11 PM,188
2015-08-21 09:11 PM,205
2015-08-21 10:11 PM,234
2015-08-21 11:11 PM,311
2015-08-22 12:11 AM,266
2015-08-22 01:11 AM,186
2015-08-22 02:11 AM,143
2015-08-22 03:11 AM,88
2015-08-22 04:11 AM,66
2015-08-22 05:11 AM,51
2015-08-22 06:11 AM,30
2015-08-22 07:11 AM,33
2015-08-22 08:11 AM,68
2015-08-22 09:11 AM,108
2015-08-22 10:11 AM,208
2015-08-22 11:11 AM,258
2015-08-22 12:11 PM,262
2015-08-22 01:11 PM,280
2015-08-22 02:11 PM,270
2015-08-22 03:11 PM,356
2015-08-22 04:11 PM,388
2015-08-22 05:11 PM,344
2015-08-22 06:11 PM,280
2015-08-22 07:11 PM,214
2015-08-22 08:11 PM,196
2015-08-22 09:11 PM,202
2015-08-22 10:11 PM,239
2015-08-22 11:11 PM,252
2015-08-23 12:11 AM,208
2015-08-23 01:11 AM,187
2015-08-23 02:11 AM,133
2015-08-23 03:11 AM,87
2015-08-23 04:11 AM,59
2015-08-23 05:11 AM,39
2015-08-23 06:11 AM,38
2015-08-23 07:11 AM,26
2015-08-23 08:11 AM,21
2015-08-23 09:11 AM,58
2015-08-23 10:11 AM,114
2015-08-23 11:11 AM,128
2015-08-23 12:11 PM,166
2015-08-23 01:11 PM,167
2015-08-23 02:11 PM,207
2015-08-23 03:11 PM,282
2015-08-23 04:11 PM,317
2015-08-23 05:11 PM,335
2015-08-23 06:11 PM,288
2015-08-23 07:11 PM,244
2015-08-23 08:11 PM,187
2015-08-23 09:11 PM,202
2015-08-23 10:11 PM,207
2015-08-23 11:11 PM,195
2015-08-24 12:11 AM,150
2015-08-24 01:11 AM,122
2015-08-24 02:11 AM,72
2015-08-24 03:11 AM,56
2015-08-24 04:11 AM,33
2015-08-24 05:11 AM,28
2015-08-24 06:11 AM,29
2015-08-24 07:11 AM,31
2015-08-24 08:11 AM,179
2015-08-24 09:11 AM,317
2015-08-24 10:11 AM,267
2015-08-24 11:11 AM,243
2015-08-24 12:11 AM,160
2015-08-24 01:52 PM,
2015-08-24 02:52 PM,786
2015-08-24 03:52 PM,854
2015-08-24 04:52 PM,614
2015-08-24 05:52 PM,632
2015-08-24 06:52 PM,442
2015-08-24 07:52 PM,272
2015-08-24 08:52 PM,252
2015-08-24 09:52 PM,354
2015-08-24 10:52 PM,383
2015-08-24 11:52 PM,330
2015-08-25 12:52 AM,125
2015-08-25 01:52 AM,147
2015-08-25 02:52 AM,104
2015-08-25 03:52 AM,74
2015-08-25 04:52 AM,44
2015-08-25 05:52 AM,31
2015-08-25 06:52 AM,27
2015-08-25 07:52 AM,66
2015-08-25 08:52 AM,296
2015-08-25 09:52 AM,492
2015-08-25 10:52 AM,713
2015-08-25 11:52 AM,656
2015-08-25 12:52 PM,617
2015-08-25 01:52 PM,611
2015-08-25 02:52 PM,520
2015-08-25 03:52 PM,874
2015-08-25 04:52 PM,889
2015-08-25 05:52 PM,615
2015-08-25 06:52 PM,562
2015-08-25 07:52 PM,170
2015-08-25 08:52 PM,235
2015-08-25 09:52 PM,346
2015-08-25 10:52 PM,356
2015-08-25 11:52 PM,309
2015-08-26 12:52 AM,255
2015-08-26 01:52 AM,174
2015-08-26 02:52 AM,109
2015-08-26 03:52 AM,73
2015-08-26 04:52 AM,60
2015-08-26 05:52 AM,46
2015-08-26 06:52 AM,26
2015-08-26 07:52 AM,132
2015-08-26 08:52 AM,297
2015-08-26 09:52 AM,567
2015-08-26 10:52 AM,749
2015-08-26 11:52 AM,583
2015-08-26 12:52 PM,596
2015-08-26 01:52 PM,578
2015-08-26 02:52 PM,779
2015-08-26 03:52 PM,931
2015-08-26 04:52 PM,923
2015-08-26 05:52 PM,743
